id,date,description,category,amount
"3","2026-10-01","Coffee","food","120"
"4","2026-10-01","Lunch","food","250"
"5","2026-10-01","Uber","transport","180"
"6","2026-10-01","Lunch","food","250"
"7","2026-10-01","Lunch","food","250"
"8","2026-10-02","Lunch","food","250"
"9","2026-10-02","Uber","transport","180"
"10","2026-10-02","Lunch","food","250"
"11","2026-10-02","Uber","transport","180"
"12","2026-10-02","Coffee","food","120"
"13","2026-10-02","Lunch","food","250"
"14","2026-10-02","Uber","transport","180"
"15","2026-10-02","Dinner","food","400"
"16","2026-10-02","Lunch","food","250"
